[{"model": "auth.user", "fields": {"password": "pbkdf2_sha256$1000000$N2I4NGKBV13u45odPBRmfn$O2FStgaW35VVWulJ4hmlbkST98NTY6uV38MyWkD09Wg=", "last_login": "2025-04-30T22:35:08.140Z", "is_superuser": true, "username": "admin", "first_name": "", "last_name": "", "email": "admin@admin.com", "is_staff": true, "is_active": true, "date_joined": "2025-04-16T23:02:25.473Z", "groups": [], "user_permissions": []}}, {"model": "sessions.session", "pk": "fssbgonxb14diirkuvvijko0rwoeffaa", "fields": {"session_data": ".eJxVjEEOwiAQRe_C2hAYLAWX7nsGMsOMUjU0Ke3KeHfbpAvdvvf-f6uE61LS2mROI6uLAnX6ZYT5KXUX_MB6n3Se6jKPpPdEH7bpYWJ5XY_276BgK9v61mUicIzOczCYY88MwbgOow1grXgDASSG6M-RYk8-m8ywUXEsjtTnC-IIN6E:1uAFMA:vmYQvML4-yS4AkzqvDVg31hAflTBEJkeHPoGDWWHv2U", "expire_date": "2025-05-14T21:52:42.477Z"}}, {"model": "sessions.session", "pk": "ki593xzulb2ijvwezfyacp4n2xzen0eg", "fields": {"session_data": ".eJxVjEEOwiAQRe_C2hAYLAWX7nsGMsOMUjU0Ke3KeHfbpAvdvvf-f6uE61LS2mROI6uLAnX6ZYT5KXUX_MB6n3Se6jKPpPdEH7bpYWJ5XY_276BgK9v61mUicIzOczCYY88MwbgOow1grXgDASSG6M-RYk8-m8ywUXEsjtTnC-IIN6E:1uAG1E:qT_ebr113R8wnGWVrx1fcNxlElkJdgdNDEB1atk6SV0", "expire_date": "2025-05-14T22:35:08.149Z"}}, {"model": "sessions.session", "pk": "qzfzddqyuk47wzwzb29x9tkax2j6ah8w", "fields": {"session_data": ".eJxVjEEOwiAQRe_C2hAYLAWX7nsGMsOMUjU0Ke3KeHfbpAvdvvf-f6uE61LS2mROI6uLsur0ywjzU-ou-IH1Puk81WUeSe-JPmzTw8Tyuh7t30HBVrb1rctE4Bid52Awx54ZgnEdRhvAWvEGAkgM0Z8jxZ58Nplho-JYHKnPF-FvN6A:1u5C1A:WlXcAot1bOdIQ9CZgnhXZUdbXbyusl6U_HYFLFsMGKo", "expire_date": "2025-04-30T23:18:08.054Z"}}, {"model": "azfi.treatment", "pk": 1, "fields": {"name": "Microneedling", "slug": "microneedling", "description": "Microneedling is a minimally invasive cosmetic procedure that involves using fine needles to create tiny punctures in the skin. This triggers the body's wound healing process, resulting in increased collagen and elastin production, which can improve skin texture, reduce scarring, and rejuvenate the skin.", "what_to_expect": "During your microneedling treatment, a topical anesthetic will be applied to minimize discomfort. The procedure takes approximately 30-45 minutes. You may experience mild redness and sensitivity for 1-3 days following treatment. For optimal results, we recommend a series of 3-6 treatments spaced 4-6 weeks apart.", "price_range": "$250 - $350", "duration": "45 minutes", "image": "treatments/needle.jpg", "category": "FACE", "featured": true, "created_at": "2025-04-16T23:16:36.880Z", "updated_at": "2025-04-16T23:45:41.538Z"}}, {"model": "azfi.treatment", "pk": 2, "fields": {"name": "Chemical Peel", "slug": "chemical-peel", "description": "Chemical peels are facial treatments that use a chemical solution to remove the top layers of skin, revealing smoother, more evenly toned skin underneath. They can address various skin concerns including fine lines, sun damage, acne scars, and hyperpigmentation.", "what_to_expect": "During your chemical peel, the solution will be applied to your cleansed skin and left on for a specific amount of time before being neutralized. You may feel a tingling or warm sensation during application. Depending on the depth of the peel, recovery time ranges from 1-14 days, during which you may experience redness, peeling, and sensitivity.", "price_range": "$150 - $400", "duration": "30 minutes", "image": "treatments/chemcialpeel.jpeg", "category": "FACE", "featured": false, "created_at": "2025-04-16T23:16:36.900Z", "updated_at": "2025-04-16T23:44:25.945Z"}}, {"model": "azfi.treatment", "pk": 3, "fields": {"name": "HydraFacial", "slug": "hydrafacial", "description": "HydraFacial is a multi-step treatment that cleanses, exfoliates, and extracts impurities while simultaneously hydrating the skin with antioxidants, peptides, and hyaluronic acid. This non-invasive procedure is suitable for all skin types and addresses multiple skin concerns with no downtime.", "what_to_expect": "The HydraFacial treatment takes about 30 minutes and includes cleansing and exfoliation, a gentle acid peel, painless extractions, and hydration with antioxidants and hyaluronic acid. The procedure is painless with no downtime, and you'll see immediate results in skin hydration, tone, and texture.", "price_range": "$180 - $300", "duration": "30 minutes", "image": "treatments/Hydrofacial1.jpg", "category": "FACE", "featured": true, "created_at": "2025-04-16T23:16:36.923Z", "updated_at": "2025-04-16T23:42:51.224Z"}}, {"model": "azfi.treatment", "pk": 4, "fields": {"name": "Body Contouring", "slug": "body-contouring", "description": "Our non-surgical body contouring treatments use advanced technology to target and reduce stubborn fat pockets, tighten skin, and shape your body. These treatments are ideal for those who maintain a healthy lifestyle but struggle with areas resistant to diet and exercise.", "what_to_expect": "During your body contouring session, you'll relax while our specialist applies the device to the targeted treatment areas. Most treatments feel like a warming sensation or gentle suction. Sessions typically last 30-60 minutes depending on the area being treated. Most clients require a series of treatments for optimal results.", "price_range": "$300 - $500 per session", "duration": "60 minutes", "image": "treatments/contouring_NJw5LTI.png", "category": "BODY", "featured": true, "created_at": "2025-04-16T23:16:36.945Z", "updated_at": "2025-04-30T20:59:58.104Z"}}, {"model": "azfi.treatment", "pk": 5, "fields": {"name": "Laser Hair Removal", "slug": "laser-hair-removal", "description": "Our laser hair removal treatments use advanced laser technology to target and destroy hair follicles, resulting in permanent hair reduction. This popular treatment is effective for various skin types and can be performed on virtually any area of the body.", "what_to_expect": "During treatment, you'll feel a sensation similar to a rubber band snap as the laser targets each hair follicle. Sessions vary in length depending on the treatment area, ranging from 15 minutes for small areas to 60+ minutes for larger areas. For optimal results, we recommend a series of 6-8 treatments spaced 4-6 weeks apart.", "price_range": "$150 - $600 per session", "duration": "15-60 minutes", "image": "treatments/hair_remover.png", "category": "BODY", "featured": false, "created_at": "2025-04-16T23:16:36.966Z", "updated_at": "2025-04-16T23:38:19.574Z"}}, {"model": "azfi.treatment", "pk": 6, "fields": {"name": "Anti-Wrinkle Injections", "slug": "anti-wrinkle-injections", "description": "Our anti-wrinkle injections temporarily relax facial muscles that cause expression lines and wrinkles, resulting in smoother, younger-looking skin. This quick, minimally invasive treatment is ideal for treating forehead lines, crow's feet, and frown lines.", "what_to_expect": "After a consultation to discuss your goals, your provider will administer a series of small injections into the targeted muscles. The procedure takes about 15-20 minutes with minimal discomfort. Results typically appear within 3-7 days and last 3-4 months. There's minimal downtime, though you may experience slight bruising or swelling at injection sites.", "price_range": "$250 - $600", "duration": "20 minutes", "image": "treatments/wrinkle.png", "category": "INJECTABLES", "featured": true, "created_at": "2025-04-16T23:16:36.986Z", "updated_at": "2025-04-16T23:26:52.386Z"}}, {"model": "azfi.treatment", "pk": 7, "fields": {"name": "Dermal Fillers", "slug": "dermal-fillers", "description": "Dermal fillers are injectable treatments that restore volume, smooth lines, and enhance facial contours. Our range of premium fillers can address various concerns including nasolabial folds, marionette lines, lip enhancement, cheek volume, and jawline definition.", "what_to_expect": "After a consultation to discuss your goals, your provider will administer the filler using a fine needle or cannula. A topical numbing cream can be applied for comfort. The procedure takes 30-45 minutes, with results visible immediately and lasting 6-24 months depending on the filler type and treatment area.", "price_range": "$500 - $1200", "duration": "45 minutes", "image": "treatments/filler.png", "category": "INJECTABLES", "featured": false, "created_at": "2025-04-16T23:16:37.008Z", "updated_at": "2025-04-16T23:24:41.733Z"}}, {"model": "azfi.treatmentfaq", "pk": 1, "fields": {"treatment": 1, "question": "Is microneedling painful?", "answer": "We apply a topical numbing cream before the procedure, so most patients experience minimal discomfort. You may feel a slight prickling sensation during treatment.", "order": 0}}, {"model": "azfi.treatmentfaq", "pk": 2, "fields": {"treatment": 1, "question": "How many sessions will I need?", "answer": "For optimal results, we recommend a series of 3-6 treatments spaced 4-6 weeks apart, depending on your specific skin concerns.", "order": 1}}, {"model": "azfi.treatmentfaq", "pk": 3, "fields": {"treatment": 1, "question": "What is the recovery time?", "answer": "Most patients experience mild redness and sensitivity for 1-3 days following treatment. You can typically resume normal activities the next day.", "order": 2}}, {"model": "azfi.treatmentfaq", "pk": 4, "fields": {"treatment": 2, "question": "What types of chemical peels do you offer?", "answer": "We offer superficial (lunchtime), medium, and deep peels. The type recommended for you will depend on your skin concerns and desired results.", "order": 0}}, {"model": "azfi.treatmentfaq", "pk": 5, "fields": {"treatment": 2, "question": "How often can I get a chemical peel?", "answer": "Superficial peels can be done every 2-4 weeks, medium peels every 3-6 months, and deep peels typically only once.", "order": 1}}, {"model": "azfi.treatmentfaq", "pk": 6, "fields": {"treatment": 2, "question": "Will my skin actually peel?", "answer": "Yes, most patients experience some degree of peeling following a chemical peel. The extent of peeling depends on the strength of the peel.", "order": 2}}, {"model": "azfi.treatmentfaq", "pk": 7, "fields": {"treatment": 3, "question": "How long do the results last?", "answer": "Many clients report visible skin refinement and an even, radiant skin tone after just one treatment. The smooth results and hydration may last 5-7 days or longer.", "order": 0}}, {"model": "azfi.treatmentfaq", "pk": 8, "fields": {"treatment": 3, "question": "How often should I get a HydraFacial?", "answer": "For optimal results, we recommend a HydraFacial once every 4 weeks.", "order": 1}}, {"model": "azfi.treatmentfaq", "pk": 9, "fields": {"treatment": 3, "question": "Is there any downtime after a HydraFacial?", "answer": "There is no downtime with HydraFacial treatments. You can resume normal activities immediately after treatment.", "order": 2}}, {"model": "azfi.treatmentfaq", "pk": 10, "fields": {"treatment": 4, "question": "Is body contouring painful?", "answer": "Most clients report minimal discomfort during body contouring treatments. You may feel a warming sensation, gentle suction, or mild tingling depending on the specific technology used.", "order": 0}}, {"model": "azfi.treatmentfaq", "pk": 11, "fields": {"treatment": 4, "question": "How many sessions will I need?", "answer": "Most clients require 4-8 sessions spaced 1-2 weeks apart for optimal results.", "order": 1}}, {"model": "azfi.treatmentfaq", "pk": 12, "fields": {"treatment": 4, "question": "Is there any downtime?", "answer": "There is minimal to no downtime with our body contouring treatments. You may experience mild redness or sensitivity in the treated area, but this typically resolves within a few hours.", "order": 2}}, {"model": "azfi.treatmentfaq", "pk": 13, "fields": {"treatment": 5, "question": "Does laser hair removal hurt?", "answer": "Most clients describe the sensation as similar to a rubber band snap against the skin. We use cooling technology to minimize discomfort during treatment.", "order": 0}}, {"model": "azfi.treatmentfaq", "pk": 14, "fields": {"treatment": 5, "question": "How many sessions will I need?", "answer": "Most clients require 6-8 treatments spaced 4-6 weeks apart for optimal results. Maintenance sessions may be needed once or twice a year.", "order": 1}}, {"model": "azfi.treatmentfaq", "pk": 15, "fields": {"treatment": 5, "question": "Which areas can be treated?", "answer": "Laser hair removal can be performed on virtually any area of the body, including face, underarms, legs, bikini area, back, and chest.", "order": 2}}, {"model": "azfi.treatmentfaq", "pk": 16, "fields": {"treatment": 6, "question": "When will I see results?", "answer": "Results typically begin to appear within 3-7 days after treatment, with full results visible after 2 weeks.", "order": 0}}, {"model": "azfi.treatmentfaq", "pk": 17, "fields": {"treatment": 6, "question": "How long do results last?", "answer": "Results typically last 3-4 months for most patients. Regular treatments every 3-4 months maintain optimal results.", "order": 1}}, {"model": "azfi.treatmentfaq", "pk": 18, "fields": {"treatment": 6, "question": "Are there any side effects?", "answer": "Common side effects include temporary bruising, redness, or swelling at injection sites. These typically resolve within a few days.", "order": 2}}, {"model": "azfi.treatmentfaq", "pk": 19, "fields": {"treatment": 7, "question": "What types of fillers do you use?", "answer": "We use premium hyaluronic acid fillers from trusted brands. The specific filler recommended will depend on your treatment area and desired results.", "order": 0}}, {"model": "azfi.treatmentfaq", "pk": 20, "fields": {"treatment": 7, "question": "Do filler injections hurt?", "answer": "We use topical numbing cream and fillers containing lidocaine to minimize discomfort during treatment.", "order": 1}}, {"model": "azfi.treatmentfaq", "pk": 21, "fields": {"treatment": 7, "question": "How long do fillers last?", "answer": "Results typically last 6-24 months depending on the filler type, treatment area, and individual factors.", "order": 2}}, {"model": "azfi.beforeafterimage", "pk": 1, "fields": {"treatment": 3, "title": "Hydrafacial treatment", "before_image": "before_after/before/before_hydrafacial.png", "after_image": "before_after/after/after_hydrafacial.png", "patient_age": null, "sessions": null, "created_at": "2025-04-25T09:40:32.018Z"}}, {"model": "azfi.beforeafterimage", "pk": 2, "fields": {"treatment": 7, "title": "Dermal Fillers", "before_image": "before_after/before/before_dermal_filler.png", "after_image": "before_after/after/after_dermal_filler.png", "patient_age": null, "sessions": null, "created_at": "2025-04-25T10:15:55.195Z"}}, {"model": "azfi.teammember", "pk": 1, "fields": {"name": "Dr. Sophia Williams", "role": "Lead Aesthetician & Medical Director", "bio": "Dr. Williams has over 15 years of experience in aesthetic medicine. Board-certified in dermatology, she specializes in advanced injectable treatments and has trained practitioners across the country. Her philosophy emphasizes natural-looking results that enhance each client's unique beauty.", "image": "team/doctor-1.webp", "order": 1}}, {"model": "azfi.teammember", "pk": 2, "fields": {"name": "Emma Johnson", "role": "Senior Aesthetician", "bio": "With 10 years in the industry, Emma specializes in advanced facial treatments and chemical peels. Her knowledge of skincare products and ingredients allows her to create personalized treatment plans that deliver exceptional results. Clients love her gentle touch and thorough approach.", "image": "team/doctor-3.webp", "order": 2}}, {"model": "azfi.teammember", "pk": 3, "fields": {"name": "Anna Middleton", "role": "Body Contouring Specialist", "bio": "Anna Middleton brings 8 years of experience in non-surgical body contouring treatments. His extensive training with cutting-edge technologies and precise technique ensure optimal results. He takes pride in helping clients achieve their body goals and boost their confidence.", "image": "team/doctor-2.webp", "order": 3}}, {"model": "azfi.teammember", "pk": 4, "fields": {"name": "Jessica Martinez", "role": "Laser Technician & Skincare Specialist", "bio": "Jessica specializes in laser treatments for hair removal, skin rejuvenation, and pigmentation. Certified in multiple laser platforms, she has 6 years of experience delivering safe, effective treatments for all skin types. Her detailed assessments ensure each client receives the most appropriate treatment plan.", "image": "team/doctor-4.webp", "order": 4}}, {"model": "azfi.testimonial", "pk": 1, "fields": {"name": "Sarah T.", "treatment": 3, "quote": "I've tried many facial treatments over the years, but the HydraFacial at Aesthetics Clinic is truly exceptional. My skin looked radiant immediately after the first treatment, and the results just keep getting better. The staff is knowledgeable and made me feel completely comfortable.", "image": "", "date": "2025-04-16", "featured": true}}, {"model": "azfi.testimonial", "pk": 2, "fields": {"name": "James K.", "treatment": 6, "quote": "After years of being self-conscious about my forehead lines, I finally decided to try anti-wrinkle injections. Dr. Williams was amazing - she explained everything clearly and the results look so natural. No one can tell I've had anything done, they just think I look well-rested!", "image": "", "date": "2025-04-16", "featured": true}}, {"model": "azfi.testimonial", "pk": 3, "fields": {"name": "Michelle D.", "treatment": 4, "quote": "The body contouring treatments have made such a difference to my abdomen after having children. The staff was supportive throughout my treatment journey, and I'm thrilled with the results. I finally feel confident in my clothes again!", "image": "", "date": "2025-04-16", "featured": true}}, {"model": "azfi.testimonial", "pk": 4, "fields": {"name": "David L.", "treatment": 1, "quote": "I was nervous about getting microneedling but the team put me at ease. The improvement in my acne scars after just three sessions is remarkable. The entire experience from consultation to treatment was professional and exceeded my expectations.", "image": "", "date": "2025-04-16", "featured": false}}, {"model": "azfi.testimonial", "pk": 5, "fields": {"name": "Amara J.", "treatment": 5, "quote": "My experience with laser hair removal has been life-changing. After years of struggling with ingrown hairs from shaving, I finally have smooth, clear skin. The treatments were much more comfortable than I expected, and the results are permanent!", "image": "", "date": "2025-04-16", "featured": false}}, {"model": "azfi.testimonial", "pk": 6, "fields": {"name": "Robert P.", "treatment": 7, "quote": "I was hesitant about trying dermal fillers, but I'm so glad I did. The treatment restored volume to my cheeks and smoothed out my nasolabial folds, taking years off my appearance. The results look completely natural, which was very important to me.", "image": "", "date": "2025-04-16", "featured": true}}, {"model": "azfi.blogpost", "pk": 1, "fields": {"title": "Understanding the Different Types of Chemical Peels", "slug": "understanding-the-different-types-of-chemical-peels", "author": ["admin"], "content": "Chemical peels are popular skin treatments that can address various skin concerns including fine lines, sun damage, uneven skin tone, and acne scars. But with so many different types available, how do you know which one is right for you?\r\n\r\n            **Superficial Peels**\r\n\r\n            Also known as lunchtime peels, these use mild acids like alpha-hydroxy acid to gently exfoliate the outermost layer of the skin. They're ideal for addressing minor skin concerns and improving overall skin brightness and texture with minimal downtime.\r\n\r\n            **Medium Peels**\r\n\r\n            Medium peels penetrate the skin more deeply, reaching the middle layers of the skin. They typically use trichloroacetic acid (TCA) or glycolic acid and are effective for treating wrinkles, acne scars, and uneven skin tone. Recovery time is typically 5-7 days.\r\n\r\n            **Deep Peels**\r\n\r\n            Deep peels use phenol to penetrate the lower dermal layer of the skin. They can dramatically improve the appearance of deeper wrinkles, scars, and even precancerous growths. Recovery can take 2-3 weeks, and results can last for years.\r\n\r\n            **Which Peel is Right for You?**\r\n\r\n            The best chemical peel for you depends on your skin concerns, skin type, and how much downtime you can accommodate. During a consultation, our skincare experts will evaluate your skin and recommend the most appropriate treatment to help you achieve your skin goals.\r\n\r\n            Remember, proper sun protection is essential following any chemical peel treatment, as your skin will be more sensitive to UV damage.", "featured_image": "blog/blog-1.webp", "excerpt": "Learn about different types of chemical peels, from superficial to deep, and how to choose the right one for your skin concerns.", "published_date": "2025-04-16T23:16:37Z", "created_at": "2025-04-16T23:16:37.083Z", "updated_at": "2025-04-30T22:03:59.889Z", "featured": false}}, {"model": "azfi.blogpost", "pk": 2, "fields": {"title": "The Science Behind Collagen Stimulating Treatments", "slug": "the-science-behind-collagen-stimulating-treatments", "author": ["admin"], "content": "Collagen is the most abundant protein in our bodies and is essential for maintaining skin elasticity, firmness, and a youthful appearance. As we age, our natural collagen production decreases, leading to wrinkles, sagging skin, and other signs of aging. Fortunately, several aesthetic treatments can stimulate collagen production to help restore more youthful skin.\r\n\r\n            **Microneedling**\r\n\r\n            Microneedling works by creating thousands of microscopic channels in the skin with tiny needles. These micro-injuries trigger the body's wound healing response, which includes collagen and elastin production. Studies have shown that microneedling can increase collagen production by up to 400% with multiple treatments.\r\n\r\n            **Radiofrequency Treatments**\r\n\r\n            Radiofrequency devices heat the deeper layers of the skin to temperatures that trigger collagen contraction and stimulate new collagen formation. This heating process activates fibroblasts, the cells responsible for collagen production, without damaging the skin's surface.\r\n\r\n            **Laser Treatments**\r\n\r\n            Certain laser treatments, particularly fractional lasers, create controlled micro-injuries in the skin that stimulate collagen remodeling. Different wavelengths target specific skin concerns, from fine lines to deeper wrinkles or scars.\r\n\r\n            **Platelet-Rich Plasma (PRP)**\r\n\r\n            PRP treatments use growth factors from your own blood to stimulate collagen production. These growth factors activate fibroblasts and accelerate tissue regeneration when injected into or applied to the skin.\r\n\r\n            **The Timeline for Results**\r\n\r\n            While some treatments provide immediate effects through tissue tightening, the more significant results from collagen stimulation develop gradually. New collagen formation typically begins 4-8 weeks after treatment and continues to improve over 3-6 months. Multiple treatment sessions are usually recommended for optimal results.\r\n\r\n            Understanding the science behind collagen stimulation helps explain why patience and consistency are key when undergoing these treatments. The investment in stimulating your body's natural collagen production can provide longer-lasting rejuvenation than treatments that offer only temporary results.", "featured_image": "blog/blog-3.webp", "excerpt": "Discover how treatments like microneedling, radiofrequency, and lasers stimulate collagen production to combat aging and improve skin quality.", "published_date": "2025-04-16T23:16:37Z", "created_at": "2025-04-16T23:16:37.087Z", "updated_at": "2025-04-30T22:04:48.513Z", "featured": false}}, {"model": "azfi.blogpost", "pk": 3, "fields": {"title": "Choosing Between Anti-Wrinkle Injections and Dermal Fillers", "slug": "choosing-between-anti-wrinkle-injections-and-dermal-fillers", "author": ["admin"], "content": "Injectable treatments are among the most popular non-surgical cosmetic procedures today, with anti-wrinkle injections and dermal fillers leading the way. While both can reduce signs of aging, they work in very different ways and address different concerns. Understanding these differences is key to achieving your desired results.\r\n\r\n            **How Anti-Wrinkle Injections Work**\r\n\r\n            Anti-wrinkle injections use a purified protein to temporarily relax the facial muscles that cause dynamic wrinkles—those that appear with facial expressions like smiling, frowning, or squinting. By reducing muscle activity, these injections smooth out expression lines, particularly on the forehead, between the brows, and around the eyes.\r\n\r\n            **How Dermal Fillers Work**\r\n\r\n            Dermal fillers, typically made from hyaluronic acid (a substance naturally found in the body), work by restoring lost volume and filling in static wrinkles—those visible when your face is at rest. Fillers can plump thin lips, enhance shallow contours, soften facial creases, and improve the appearance of recessed scars.\r\n\r\n            **Which Concerns Do They Address?**\r\n\r\n            Anti-wrinkle injections are ideal for:\r\n            - Forehead lines\r\n            - Frown lines between the brows\r\n            - Crow's feet around the eyes\r\n            - Bunny lines on the nose\r\n            - Dimpled chin\r\n            - Neck bands\r\n\r\n            Dermal fillers are better for:\r\n            - Nasolabial folds (smile lines)\r\n            - Marionette lines (lines from corners of the mouth to chin)\r\n            - Loss of volume in cheeks or temples\r\n            - Lip enhancement\r\n            - Jawline definition\r\n            - Under-eye hollows\r\n\r\n            **Combining Treatments**\r\n\r\n            Many clients benefit from combining both treatments for what's often called a \"liquid facelift.\" For example, anti-wrinkle injections might be used on the upper face while fillers restore volume in the mid and lower face.\r\n\r\n            **Longevity of Results**\r\n\r\n            Anti-wrinkle injections typically last 3-4 months, while dermal fillers can last anywhere from 6-24 months depending on the product used and treatment area.\r\n\r\n            During your consultation, our medical professionals will assess your facial anatomy, discuss your concerns, and recommend the most appropriate treatment or combination of treatments to help you achieve natural-looking results.", "featured_image": "blog/blog-2.webp", "excerpt": "Understand the differences between anti-wrinkle injections and dermal fillers to determine which injectable treatment is right for your aesthetic goals.", "published_date": "2025-04-16T23:16:37Z", "created_at": "2025-04-16T23:16:37.095Z", "updated_at": "2025-04-30T22:03:48.056Z", "featured": false}}, {"model": "azfi.contact", "pk": 1, "fields": {"name": "John Doe", "email": "john@doe.com", "phone": "03000000000", "message": "Hello, are you available on saturdays?", "created_at": "2025-04-25T09:02:57.949Z", "responded": false}}, {"model": "admin.logentry", "pk": 1, "fields": {"action_time": "2025-04-16T23:24:41.734Z", "user": ["admin"], "content_type": ["azfi", "treatment"], "object_id": "7", "object_repr": "Dermal Fillers", "action_flag": 2, "change_message": "[{\"changed\": {\"fields\": [\"Image\"]}}]"}}, {"model": "admin.logentry", "pk": 2, "fields": {"action_time": "2025-04-16T23:26:52.388Z", "user": ["admin"], "content_type": ["azfi", "treatment"], "object_id": "6", "object_repr": "Anti-Wrinkle Injections", "action_flag": 2, "change_message": "[{\"changed\": {\"fields\": [\"Image\"]}}]"}}, {"model": "admin.logentry", "pk": 3, "fields": {"action_time": "2025-04-16T23:38:19.576Z", "user": ["admin"], "content_type": ["azfi", "treatment"], "object_id": "5", "object_repr": "Laser Hair Removal", "action_flag": 2, "change_message": "[{\"changed\": {\"fields\": [\"Image\"]}}]"}}, {"model": "admin.logentry", "pk": 4, "fields": {"action_time": "2025-04-16T23:41:01.884Z", "user": ["admin"], "content_type": ["azfi", "treatment"], "object_id": "4", "object_repr": "Body Contouring", "action_flag": 2, "change_message": "[{\"changed\": {\"fields\": [\"Image\"]}}]"}}, {"model": "admin.logentry", "pk": 5, "fields": {"action_time": "2025-04-16T23:42:51.225Z", "user": ["admin"], "content_type": ["azfi", "treatment"], "object_id": "3", "object_repr": "HydraFacial", "action_flag": 2, "change_message": "[{\"changed\": {\"fields\": [\"Image\"]}}]"}}, {"model": "admin.logentry", "pk": 6, "fields": {"action_time": "2025-04-16T23:44:25.946Z", "user": ["admin"], "content_type": ["azfi", "treatment"], "object_id": "2", "object_repr": "Chemical Peel", "action_flag": 2, "change_message": "[{\"changed\": {\"fields\": [\"Image\"]}}]"}}, {"model": "admin.logentry", "pk": 7, "fields": {"action_time": "2025-04-16T23:45:41.538Z", "user": ["admin"], "content_type": ["azfi", "treatment"], "object_id": "1", "object_repr": "Microneedling", "action_flag": 2, "change_message": "[{\"changed\": {\"fields\": [\"Image\"]}}]"}}, {"model": "admin.logentry", "pk": 8, "fields": {"action_time": "2025-04-16T23:48:41.474Z", "user": ["admin"], "content_type": ["azfi", "treatment"], "object_id": "4", "object_repr": "Body Contouring", "action_flag": 2, "change_message": "[{\"changed\": {\"fields\": [\"Image\"]}}]"}}, {"model": "admin.logentry", "pk": 9, "fields": {"action_time": "2025-04-25T09:02:57.951Z", "user": ["admin"], "content_type": ["azfi", "contact"], "object_id": "1", "object_repr": "Message from John Doe (2025-04-25)", "action_flag": 1, "change_message": "[{\"added\": {}}]"}}, {"model": "admin.logentry", "pk": 10, "fields": {"action_time": "2025-04-25T09:40:32.019Z", "user": ["admin"], "content_type": ["azfi", "beforeafterimage"], "object_id": "1", "object_repr": "HydraFacial - Hydrafacial treatment", "action_flag": 1, "change_message": "[{\"added\": {}}]"}}, {"model": "admin.logentry", "pk": 11, "fields": {"action_time": "2025-04-25T10:15:55.197Z", "user": ["admin"], "content_type": ["azfi", "beforeafterimage"], "object_id": "2", "object_repr": "Dermal Fillers - Dermal Fillers", "action_flag": 1, "change_message": "[{\"added\": {}}]"}}, {"model": "admin.logentry", "pk": 12, "fields": {"action_time": "2025-04-30T20:59:58.106Z", "user": ["admin"], "content_type": ["azfi", "treatment"], "object_id": "4", "object_repr": "Body Contouring", "action_flag": 2, "change_message": "[{\"changed\": {\"fields\": [\"Image\"]}}]"}}, {"model": "admin.logentry", "pk": 13, "fields": {"action_time": "2025-04-30T21:56:00.983Z", "user": ["admin"], "content_type": ["azfi", "teammember"], "object_id": "1", "object_repr": "Dr. Sophia Williams - Lead Aesthetician & Medical Director", "action_flag": 2, "change_message": "[{\"changed\": {\"fields\": [\"Image\"]}}]"}}, {"model": "admin.logentry", "pk": 14, "fields": {"action_time": "2025-04-30T21:56:24.567Z", "user": ["admin"], "content_type": ["azfi", "teammember"], "object_id": "2", "object_repr": "Emma Johnson - Senior Aesthetician", "action_flag": 2, "change_message": "[{\"changed\": {\"fields\": [\"Image\"]}}]"}}, {"model": "admin.logentry", "pk": 15, "fields": {"action_time": "2025-04-30T21:56:56.926Z", "user": ["admin"], "content_type": ["azfi", "teammember"], "object_id": "3", "object_repr": "Anna Middleton - Body Contouring Specialist", "action_flag": 2, "change_message": "[{\"changed\": {\"fields\": [\"Name\", \"Bio\", \"Image\"]}}]"}}, {"model": "admin.logentry", "pk": 16, "fields": {"action_time": "2025-04-30T21:57:11.630Z", "user": ["admin"], "content_type": ["azfi", "teammember"], "object_id": "4", "object_repr": "Jessica Martinez - Laser Technician & Skincare Specialist", "action_flag": 2, "change_message": "[{\"changed\": {\"fields\": [\"Image\"]}}]"}}, {"model": "admin.logentry", "pk": 17, "fields": {"action_time": "2025-04-30T22:03:48.059Z", "user": ["admin"], "content_type": ["azfi", "blogpost"], "object_id": "3", "object_repr": "Choosing Between Anti-Wrinkle Injections and Dermal Fillers", "action_flag": 2, "change_message": "[{\"changed\": {\"fields\": [\"Content\", \"Featured image\"]}}]"}}, {"model": "admin.logentry", "pk": 18, "fields": {"action_time": "2025-04-30T22:03:59.892Z", "user": ["admin"], "content_type": ["azfi", "blogpost"], "object_id": "1", "object_repr": "Understanding the Different Types of Chemical Peels", "action_flag": 2, "change_message": "[{\"changed\": {\"fields\": [\"Content\", \"Featured image\"]}}]"}}, {"model": "admin.logentry", "pk": 19, "fields": {"action_time": "2025-04-30T22:04:48.515Z", "user": ["admin"], "content_type": ["azfi", "blogpost"], "object_id": "2", "object_repr": "The Science Behind Collagen Stimulating Treatments", "action_flag": 2, "change_message": "[{\"changed\": {\"fields\": [\"Content\", \"Featured image\"]}}]"}}, {"model": "admin.logentry", "pk": 20, "fields": {"action_time": "2025-04-30T22:36:08.131Z", "user": ["admin"], "content_type": ["azfi", "contact"], "object_id": "2", "object_repr": "Message from Azka Aslam (2025-04-25)", "action_flag": 3, "change_message": ""}}]